name,size,dims,nn_len,opt_len,s,bad_pair_count,repair_len,total_pairs
Tnm100,100,2,1574837.0,1398070.0,0.25,1,1521412.0,230
Tnm100,100,2,1574837.0,1398070.0,0.5,0,1574837.0,315
Tnm100,100,2,1574837.0,1398070.0,0.75,0,1574837.0,373
Tnm100,100,2,1574837.0,1398070.0,1.0,0,1574837.0,490
Tnm100,100,2,1574837.0,1398070.0,1.25,0,1574837.0,585
Tnm100,100,2,1574837.0,1398070.0,1.5,0,1574837.0,657
Tnm103,103,2,1568468.0,1412229.0,0.25,0,1568468.0,227
Tnm103,103,2,1568468.0,1412229.0,0.5,0,1568468.0,318
Tnm103,103,2,1568468.0,1412229.0,0.75,0,1568468.0,373
Tnm103,103,2,1568468.0,1412229.0,1.0,0,1568468.0,507
Tnm103,103,2,1568468.0,1412229.0,1.25,0,1568468.0,591
Tnm103,103,2,1568468.0,1412229.0,1.5,0,1568468.0,683
Tnm106,106,2,1632923.0,1469617.0,0.25,0,1632923.0,228
Tnm106,106,2,1632923.0,1469617.0,0.5,0,1632923.0,330
Tnm106,106,2,1632923.0,1469617.0,0.75,0,1632923.0,383
Tnm106,106,2,1632923.0,1469617.0,1.0,0,1632923.0,501
Tnm106,106,2,1632923.0,1469617.0,1.25,0,1632923.0,598
Tnm106,106,2,1632923.0,1469617.0,1.5,0,1632923.0,685
Tnm109,109,2,1692676.0,1527709.0,0.25,1,1646897.0,235
Tnm109,109,2,1692676.0,1527709.0,0.5,0,1692676.0,334
Tnm109,109,2,1692676.0,1527709.0,0.75,0,1692676.0,398
Tnm109,109,2,1692676.0,1527709.0,1.0,0,1692676.0,528
Tnm109,109,2,1692676.0,1527709.0,1.25,0,1692676.0,620
Tnm109,109,2,1692676.0,1527709.0,1.5,0,1692676.0,707
Tnm112,112,2,1764310.0,1585157.0,0.25,1,1711301.0,236
Tnm112,112,2,1764310.0,1585157.0,0.5,0,1764310.0,332
Tnm112,112,2,1764310.0,1585157.0,0.75,0,1764310.0,384
Tnm112,112,2,1764310.0,1585157.0,1.0,0,1764310.0,522
Tnm112,112,2,1764310.0,1585157.0,1.25,0,1764310.0,620
Tnm112,112,2,1764310.0,1585157.0,1.5,0,1764310.0,697
Tnm115,115,2,1803210.0,1641752.0,0.25,1,1748322.0,242
Tnm115,115,2,1803210.0,1641752.0,0.5,0,1803210.0,345
Tnm115,115,2,1803210.0,1641752.0,0.75,0,1803210.0,404
Tnm115,115,2,1803210.0,1641752.0,1.0,0,1803210.0,551
Tnm115,115,2,1803210.0,1641752.0,1.25,0,1803210.0,647
Tnm115,115,2,1803210.0,1641752.0,1.5,0,1803210.0,727
Tnm118,118,2,1834585.0,1698486.0,0.25,0,1834585.0,263
Tnm118,118,2,1834585.0,1698486.0,0.5,0,1834585.0,358
Tnm118,118,2,1834585.0,1698486.0,0.75,0,1834585.0,427
Tnm118,118,2,1834585.0,1698486.0,1.0,0,1834585.0,577
Tnm118,118,2,1834585.0,1698486.0,1.25,0,1834585.0,674
Tnm118,118,2,1834585.0,1698486.0,1.5,0,1834585.0,746
Tnm121,121,2,1969631.0,1755689.0,0.25,1,1917166.0,251
Tnm121,121,2,1969631.0,1755689.0,0.5,0,1969631.0,355
Tnm121,121,2,1969631.0,1755689.0,0.75,0,1969631.0,429
Tnm121,121,2,1969631.0,1755689.0,1.0,0,1969631.0,593
Tnm121,121,2,1969631.0,1755689.0,1.25,0,1969631.0,679
Tnm121,121,2,1969631.0,1755689.0,1.5,0,1969631.0,751
Tnm124,124,2,2032006.0,1813276.0,0.25,1,1977976.0,259
Tnm124,124,2,2032006.0,1813276.0,0.5,0,2032006.0,365
Tnm124,124,2,2032006.0,1813276.0,0.75,0,2032006.0,431
Tnm124,124,2,2032006.0,1813276.0,1.0,0,2032006.0,604
Tnm124,124,2,2032006.0,1813276.0,1.25,0,2032006.0,699
Tnm124,124,2,2032006.0,1813276.0,1.5,0,2032006.0,771
Tnm127,127,2,2094414.0,1871162.0,0.25,1,2038859.0,265
Tnm127,127,2,2094414.0,1871162.0,0.5,0,2094414.0,369
Tnm127,127,2,2094414.0,1871162.0,0.75,0,2094414.0,450
Tnm127,127,2,2094414.0,1871162.0,1.0,0,2094414.0,604
Tnm127,127,2,2094414.0,1871162.0,1.25,0,2094414.0,699
Tnm127,127,2,2094414.0,1871162.0,1.5,0,2094414.0,793
Tnm130,130,2,2135153.0,1928734.0,0.25,1,2125154.0,288
Tnm130,130,2,2135153.0,1928734.0,0.5,0,2135153.0,392
Tnm130,130,2,2135153.0,1928734.0,0.75,0,2135153.0,472
Tnm130,130,2,2135153.0,1928734.0,1.0,0,2135153.0,634
Tnm130,130,2,2135153.0,1928734.0,1.25,0,2135153.0,723
Tnm130,130,2,2135153.0,1928734.0,1.5,0,2135153.0,819
Tnm133,133,2,2141645.0,1944317.0,0.25,2,2093411.0,299
Tnm133,133,2,2141645.0,1944317.0,0.5,0,2141645.0,404
Tnm133,133,2,2141645.0,1944317.0,0.75,0,2141645.0,488
Tnm133,133,2,2141645.0,1944317.0,1.0,0,2141645.0,661
Tnm133,133,2,2141645.0,1944317.0,1.25,0,2141645.0,747
Tnm133,133,2,2141645.0,1944317.0,1.5,0,2141645.0,851
Tnm136,136,2,2221620.0,2002445.0,0.25,1,2168436.0,306
Tnm136,136,2,2221620.0,2002445.0,0.5,0,2221620.0,406
Tnm136,136,2,2221620.0,2002445.0,0.75,0,2221620.0,501
Tnm136,136,2,2221620.0,2002445.0,1.0,0,2221620.0,664
Tnm136,136,2,2221620.0,2002445.0,1.25,0,2221620.0,759
Tnm136,136,2,2221620.0,2002445.0,1.5,0,2221620.0,872
Tnm139,139,2,2284079.0,2060637.0,0.25,1,2229497.0,300
Tnm139,139,2,2284079.0,2060637.0,0.5,0,2284079.0,409
Tnm139,139,2,2284079.0,2060637.0,0.75,0,2284079.0,491
Tnm139,139,2,2284079.0,2060637.0,1.0,0,2284079.0,665
Tnm139,139,2,2284079.0,2060637.0,1.25,0,2284079.0,753
Tnm139,139,2,2284079.0,2060637.0,1.5,0,2284079.0,864
Tnm142,142,2,2346554.0,2118758.0,0.25,2,2249922.0,326
Tnm142,142,2,2346554.0,2118758.0,0.5,0,2346554.0,425
Tnm142,142,2,2346554.0,2118758.0,0.75,0,2346554.0,532
Tnm142,142,2,2346554.0,2118758.0,1.0,0,2346554.0,703
Tnm142,142,2,2346554.0,2118758.0,1.25,0,2346554.0,804
Tnm142,142,2,2346554.0,2118758.0,1.5,0,2346554.0,914
Tnm145,145,2,2387217.0,2177169.0,0.25,1,2377218.0,337
Tnm145,145,2,2387217.0,2177169.0,0.5,0,2387217.0,442
Tnm145,145,2,2387217.0,2177169.0,0.75,0,2387217.0,535
Tnm145,145,2,2387217.0,2177169.0,1.0,0,2387217.0,710
Tnm145,145,2,2387217.0,2177169.0,1.25,0,2387217.0,811
Tnm145,145,2,2387217.0,2177169.0,1.5,0,2387217.0,922
Tnm148,148,2,2471594.0,2235669.0,0.25,0,2471594.0,336
Tnm148,148,2,2471594.0,2235669.0,0.5,0,2471594.0,443
Tnm148,148,2,2471594.0,2235669.0,0.75,0,2471594.0,544
Tnm148,148,2,2471594.0,2235669.0,1.0,0,2471594.0,728
Tnm148,148,2,2471594.0,2235669.0,1.25,0,2471594.0,833
Tnm148,148,2,2471594.0,2235669.0,1.5,0,2471594.0,940
Tnm151,151,2,2510068.0,2293265.0,0.25,0,2510068.0,351
Tnm151,151,2,2510068.0,2293265.0,0.5,0,2510068.0,459
Tnm151,151,2,2510068.0,2293265.0,0.75,0,2510068.0,546
Tnm151,151,2,2510068.0,2293265.0,1.0,0,2510068.0,739
Tnm151,151,2,2510068.0,2293265.0,1.25,0,2510068.0,842
Tnm151,151,2,2510068.0,2293265.0,1.5,0,2510068.0,953
Tnm154,154,2,2604894.0,2350345.0,0.25,0,2604894.0,351
Tnm154,154,2,2604894.0,2350345.0,0.5,0,2604894.0,462
Tnm154,154,2,2604894.0,2350345.0,0.75,0,2604894.0,565
Tnm154,154,2,2604894.0,2350345.0,1.0,0,2604894.0,742
Tnm154,154,2,2604894.0,2350345.0,1.25,0,2604894.0,873
Tnm154,154,2,2604894.0,2350345.0,1.5,0,2604894.0,975
Tnm157,157,2,2633171.0,2407153.0,0.25,1,2623172.0,355
Tnm157,157,2,2633171.0,2407153.0,0.5,0,2633171.0,474
Tnm157,157,2,2633171.0,2407153.0,0.75,0,2633171.0,566
Tnm157,157,2,2633171.0,2407153.0,1.0,0,2633171.0,751
Tnm157,157,2,2633171.0,2407153.0,1.25,0,2633171.0,874
Tnm157,157,2,2633171.0,2407153.0,1.5,0,2633171.0,993
Tnm160,160,2,2694609.0,2463857.0,0.25,0,2694609.0,351
Tnm160,160,2,2694609.0,2463857.0,0.5,0,2694609.0,469
Tnm160,160,2,2694609.0,2463857.0,0.75,0,2694609.0,561
Tnm160,160,2,2694609.0,2463857.0,1.0,0,2694609.0,761
Tnm160,160,2,2694609.0,2463857.0,1.25,0,2694609.0,870
Tnm160,160,2,2694609.0,2463857.0,1.5,0,2694609.0,993
Tnm163,163,2,2723885.0,2485463.0,0.25,0,2723885.0,356
Tnm163,163,2,2723885.0,2485463.0,0.5,0,2723885.0,481
Tnm163,163,2,2723885.0,2485463.0,0.75,0,2723885.0,578
Tnm163,163,2,2723885.0,2485463.0,1.0,0,2723885.0,792
Tnm163,163,2,2723885.0,2485463.0,1.25,0,2723885.0,913
Tnm163,163,2,2723885.0,2485463.0,1.5,0,2723885.0,1028
Tnm166,166,2,2794587.0,2543466.0,0.25,1,2727277.0,347
Tnm166,166,2,2794587.0,2543466.0,0.5,0,2794587.0,477
Tnm166,166,2,2794587.0,2543466.0,0.75,0,2794587.0,569
Tnm166,166,2,2794587.0,2543466.0,1.0,0,2794587.0,776
Tnm166,166,2,2794587.0,2543466.0,1.25,0,2794587.0,903
Tnm166,166,2,2794587.0,2543466.0,1.5,0,2794587.0,1013
Tnm169,169,2,2857273.0,2600546.0,0.25,0,2857273.0,368
Tnm169,169,2,2857273.0,2600546.0,0.5,0,2857273.0,500
Tnm169,169,2,2857273.0,2600546.0,0.75,0,2857273.0,611
Tnm169,169,2,2857273.0,2600546.0,1.0,0,2857273.0,816
Tnm169,169,2,2857273.0,2600546.0,1.25,0,2857273.0,944
Tnm169,169,2,2857273.0,2600546.0,1.5,0,2857273.0,1059
Tnm172,172,2,2856526.0,2657369.0,0.25,1,2846527.0,382
Tnm172,172,2,2856526.0,2657369.0,0.5,0,2856526.0,518
Tnm172,172,2,2856526.0,2657369.0,0.75,0,2856526.0,635
Tnm172,172,2,2856526.0,2657369.0,1.0,0,2856526.0,830
Tnm172,172,2,2856526.0,2657369.0,1.25,0,2856526.0,967
Tnm172,172,2,2856526.0,2657369.0,1.5,0,2856526.0,1097
Tnm175,175,2,2974363.0,2714530.0,0.25,0,2974363.0,389
Tnm175,175,2,2974363.0,2714530.0,0.5,0,2974363.0,529
Tnm175,175,2,2974363.0,2714530.0,0.75,0,2974363.0,625
Tnm175,175,2,2974363.0,2714530.0,1.0,0,2974363.0,841
Tnm175,175,2,2974363.0,2714530.0,1.25,0,2974363.0,980
Tnm175,175,2,2974363.0,2714530.0,1.5,0,2974363.0,1113
Tnm178,178,2,3037021.0,2771953.0,0.25,0,3037021.0,382
Tnm178,178,2,3037021.0,2771953.0,0.5,0,3037021.0,532
Tnm178,178,2,3037021.0,2771953.0,0.75,0,3037021.0,620
Tnm178,178,2,3037021.0,2771953.0,1.0,0,3037021.0,846
Tnm178,178,2,3037021.0,2771953.0,1.25,0,3037021.0,981
Tnm178,178,2,3037021.0,2771953.0,1.5,0,3037021.0,1105
Tnm181,181,2,3099697.0,2829701.0,0.25,0,3099697.0,389
Tnm181,181,2,3099697.0,2829701.0,0.5,0,3099697.0,538
Tnm181,181,2,3099697.0,2829701.0,0.75,0,3099697.0,636
Tnm181,181,2,3099697.0,2829701.0,1.0,0,3099697.0,840
Tnm181,181,2,3099697.0,2829701.0,1.25,0,3099697.0,990
Tnm181,181,2,3099697.0,2829701.0,1.5,0,3099697.0,1115
Tnm184,184,2,3132610.0,2887675.0,0.25,0,3132610.0,398
Tnm184,184,2,3132610.0,2887675.0,0.5,0,3132610.0,553
Tnm184,184,2,3132610.0,2887675.0,0.75,0,3132610.0,644
Tnm184,184,2,3132610.0,2887675.0,1.0,0,3132610.0,875
Tnm184,184,2,3132610.0,2887675.0,1.25,0,3132610.0,1006
Tnm184,184,2,3132610.0,2887675.0,1.5,0,3132610.0,1151
Tnm187,187,2,3225067.0,2945939.0,0.25,0,3225067.0,405
Tnm187,187,2,3225067.0,2945939.0,0.5,0,3225067.0,552
Tnm187,187,2,3225067.0,2945939.0,0.75,0,3225067.0,652
Tnm187,187,2,3225067.0,2945939.0,1.0,0,3225067.0,862
Tnm187,187,2,3225067.0,2945939.0,1.25,0,3225067.0,1014
Tnm187,187,2,3225067.0,2945939.0,1.5,0,3225067.0,1168
Tnm190,190,2,3287770.0,3004259.0,0.25,1,3214383.0,371
Tnm190,190,2,3287770.0,3004259.0,0.5,0,3287770.0,528
Tnm190,190,2,3287770.0,3004259.0,0.75,0,3287770.0,611
Tnm190,190,2,3287770.0,3004259.0,1.0,0,3287770.0,836
Tnm190,190,2,3287770.0,3004259.0,1.25,0,3287770.0,972
Tnm190,190,2,3287770.0,3004259.0,1.5,0,3287770.0,1118
Tnm193,193,2,3289500.0,3023551.0,0.25,1,3222944.0,388
Tnm193,193,2,3289500.0,3023551.0,0.5,0,3289500.0,556
Tnm193,193,2,3289500.0,3023551.0,0.75,0,3289500.0,659
Tnm193,193,2,3289500.0,3023551.0,1.0,0,3289500.0,864
Tnm193,193,2,3289500.0,3023551.0,1.25,0,3289500.0,1037
Tnm193,193,2,3289500.0,3023551.0,1.5,0,3289500.0,1187
Tnm196,196,2,3360641.0,3081566.0,0.25,0,3360641.0,412
Tnm196,196,2,3360641.0,3081566.0,0.5,0,3360641.0,567
Tnm196,196,2,3360641.0,3081566.0,0.75,0,3360641.0,671
Tnm196,196,2,3360641.0,3081566.0,1.0,0,3360641.0,888
Tnm196,196,2,3360641.0,3081566.0,1.25,0,3360641.0,1034
Tnm196,196,2,3360641.0,3081566.0,1.5,0,3360641.0,1213
Tnm199,199,2,3352771.0,3139778.0,0.25,0,3352771.0,425
Tnm199,199,2,3352771.0,3139778.0,0.5,0,3352771.0,588
Tnm199,199,2,3352771.0,3139778.0,0.75,0,3352771.0,701
Tnm199,199,2,3352771.0,3139778.0,1.0,0,3352771.0,918
Tnm199,199,2,3352771.0,3139778.0,1.25,0,3352771.0,1059
Tnm199,199,2,3352771.0,3139778.0,1.5,0,3352771.0,1238
Tnm52,52,2,632300.0,551609.0,0.25,0,632300.0,124
Tnm52,52,2,632300.0,551609.0,0.5,0,632300.0,173
Tnm52,52,2,632300.0,551609.0,0.75,0,632300.0,209
Tnm52,52,2,632300.0,551609.0,1.0,0,632300.0,266
Tnm52,52,2,632300.0,551609.0,1.25,0,632300.0,331
Tnm52,52,2,632300.0,551609.0,1.5,0,632300.0,370
Tnm55,55,2,696292.0,605778.0,0.25,0,696292.0,116
Tnm55,55,2,696292.0,605778.0,0.5,0,696292.0,168
Tnm55,55,2,696292.0,605778.0,0.75,0,696292.0,207
Tnm55,55,2,696292.0,605778.0,1.0,0,696292.0,275
Tnm55,55,2,696292.0,605778.0,1.25,0,696292.0,326
Tnm55,55,2,696292.0,605778.0,1.5,0,696292.0,362
Tnm58,58,2,754525.0,660687.0,0.25,0,754525.0,122
Tnm58,58,2,754525.0,660687.0,0.5,0,754525.0,170
Tnm58,58,2,754525.0,660687.0,0.75,0,754525.0,214
Tnm58,58,2,754525.0,660687.0,1.0,0,754525.0,285
Tnm58,58,2,754525.0,660687.0,1.25,0,754525.0,346
Tnm58,58,2,754525.0,660687.0,1.5,0,754525.0,380
Tnm61,61,2,815234.0,716131.0,0.25,0,815234.0,139
Tnm61,61,2,815234.0,716131.0,0.5,0,815234.0,190
Tnm61,61,2,815234.0,716131.0,0.75,0,815234.0,222
Tnm61,61,2,815234.0,716131.0,1.0,0,815234.0,294
Tnm61,61,2,815234.0,716131.0,1.25,0,815234.0,351
Tnm61,61,2,815234.0,716131.0,1.5,0,815234.0,408
Tnm64,64,2,851075.0,770162.0,0.25,0,851075.0,144
Tnm64,64,2,851075.0,770162.0,0.5,0,851075.0,195
Tnm64,64,2,851075.0,770162.0,0.75,0,851075.0,243
Tnm64,64,2,851075.0,770162.0,1.0,0,851075.0,323
Tnm64,64,2,851075.0,770162.0,1.25,0,851075.0,386
Tnm64,64,2,851075.0,770162.0,1.5,0,851075.0,429
Tnm67,67,2,938639.0,825328.0,0.25,0,938639.0,150
Tnm67,67,2,938639.0,825328.0,0.5,0,938639.0,221
Tnm67,67,2,938639.0,825328.0,0.75,0,938639.0,257
Tnm67,67,2,938639.0,825328.0,1.0,0,938639.0,350
Tnm67,67,2,938639.0,825328.0,1.25,0,938639.0,413
Tnm67,67,2,938639.0,825328.0,1.5,0,938639.0,461
Tnm70,70,2,1005243.0,881036.0,0.25,0,1005243.0,156
Tnm70,70,2,1005243.0,881036.0,0.5,0,1005243.0,221
Tnm70,70,2,1005243.0,881036.0,0.75,0,1005243.0,269
Tnm70,70,2,1005243.0,881036.0,1.0,0,1005243.0,364
Tnm70,70,2,1005243.0,881036.0,1.25,0,1005243.0,414
Tnm70,70,2,1005243.0,881036.0,1.5,0,1005243.0,460
Tnm73,73,2,1006521.0,893843.0,0.25,0,1006521.0,164
Tnm73,73,2,1006521.0,893843.0,0.5,0,1006521.0,218
Tnm73,73,2,1006521.0,893843.0,0.75,0,1006521.0,264
Tnm73,73,2,1006521.0,893843.0,1.0,0,1006521.0,357
Tnm73,73,2,1006521.0,893843.0,1.25,0,1006521.0,416
Tnm73,73,2,1006521.0,893843.0,1.5,0,1006521.0,476
Tnm76,76,2,1068761.0,949961.0,0.25,0,1068761.0,170
Tnm76,76,2,1068761.0,949961.0,0.5,0,1068761.0,237
Tnm76,76,2,1068761.0,949961.0,0.75,0,1068761.0,281
Tnm76,76,2,1068761.0,949961.0,1.0,0,1068761.0,374
Tnm76,76,2,1068761.0,949961.0,1.25,0,1068761.0,442
Tnm76,76,2,1068761.0,949961.0,1.5,0,1068761.0,496
Tnm79,79,2,1096707.0,1006535.0,0.25,0,1096707.0,188
Tnm79,79,2,1096707.0,1006535.0,0.5,0,1096707.0,252
Tnm79,79,2,1096707.0,1006535.0,0.75,0,1096707.0,303
Tnm79,79,2,1096707.0,1006535.0,1.0,0,1096707.0,407
Tnm79,79,2,1096707.0,1006535.0,1.25,0,1096707.0,466
Tnm79,79,2,1096707.0,1006535.0,1.5,0,1096707.0,518
Tnm82,82,2,1190001.0,1062686.0,0.25,0,1190001.0,196
Tnm82,82,2,1190001.0,1062686.0,0.5,0,1190001.0,262
Tnm82,82,2,1190001.0,1062686.0,0.75,0,1190001.0,317
Tnm82,82,2,1190001.0,1062686.0,1.0,0,1190001.0,420
Tnm82,82,2,1190001.0,1062686.0,1.25,0,1190001.0,490
Tnm82,82,2,1190001.0,1062686.0,1.5,0,1190001.0,554
Tnm85,85,2,1257403.0,1117381.0,0.25,0,1257403.0,192
Tnm85,85,2,1257403.0,1117381.0,0.5,0,1257403.0,258
Tnm85,85,2,1257403.0,1117381.0,0.75,0,1257403.0,308
Tnm85,85,2,1257403.0,1117381.0,1.0,0,1257403.0,417
Tnm85,85,2,1257403.0,1117381.0,1.25,0,1257403.0,490
Tnm85,85,2,1257403.0,1117381.0,1.5,0,1257403.0,543
Tnm88,88,2,1316025.0,1172734.0,0.25,0,1316025.0,200
Tnm88,88,2,1316025.0,1172734.0,0.5,0,1316025.0,276
Tnm88,88,2,1316025.0,1172734.0,0.75,0,1316025.0,333
Tnm88,88,2,1316025.0,1172734.0,1.0,0,1316025.0,442
Tnm88,88,2,1316025.0,1172734.0,1.25,0,1316025.0,513
Tnm88,88,2,1316025.0,1172734.0,1.5,0,1316025.0,581
Tnm91,91,2,1338026.0,1228726.0,0.25,2,1328670.0,222
Tnm91,91,2,1338026.0,1228726.0,0.5,0,1338026.0,302
Tnm91,91,2,1338026.0,1228726.0,0.75,0,1338026.0,365
Tnm91,91,2,1338026.0,1228726.0,1.0,0,1338026.0,483
Tnm91,91,2,1338026.0,1228726.0,1.25,0,1338026.0,561
Tnm91,91,2,1338026.0,1228726.0,1.5,0,1338026.0,622
Tnm94,94,2,1425383.0,1285416.0,0.25,0,1425383.0,214
Tnm94,94,2,1425383.0,1285416.0,0.5,0,1425383.0,302
Tnm94,94,2,1425383.0,1285416.0,0.75,0,1425383.0,361
Tnm94,94,2,1425383.0,1285416.0,1.0,0,1425383.0,464
Tnm94,94,2,1425383.0,1285416.0,1.25,0,1425383.0,563
Tnm94,94,2,1425383.0,1285416.0,1.5,0,1425383.0,625
Tnm97,97,2,1503342.0,1342086.0,0.25,1,1457443.0,220
Tnm97,97,2,1503342.0,1342086.0,0.5,0,1503342.0,312
Tnm97,97,2,1503342.0,1342086.0,0.75,0,1503342.0,366
Tnm97,97,2,1503342.0,1342086.0,1.0,0,1503342.0,482
Tnm97,97,2,1503342.0,1342086.0,1.25,0,1503342.0,575
Tnm97,97,2,1503342.0,1342086.0,1.5,0,1503342.0,651
a280,280,2,3157.0,2579.0,0.25,5,3155.0,678
a280,280,2,3157.0,2579.0,0.5,0,3157.0,939
a280,280,2,3157.0,2579.0,0.75,0,3157.0,1306
a280,280,2,3157.0,2579.0,1.0,0,3157.0,1757
a280,280,2,3157.0,2579.0,1.25,0,3157.0,2055
a280,280,2,3157.0,2579.0,1.5,0,3157.0,2439
ar9152,9152,2,1070701.0,837479.0,0.25,22,1067498.0,22783
ar9152,9152,2,1070701.0,837479.0,0.5,1,1070197.0,32821
ar9152,9152,2,1070701.0,837479.0,0.75,0,1070701.0,45133
ar9152,9152,2,1070701.0,837479.0,1.0,0,1070701.0,59359
ar9152,9152,2,1070701.0,837479.0,1.25,0,1070701.0,75328
ar9152,9152,2,1070701.0,837479.0,1.5,0,1070701.0,93041
bck2217,2217,2,8198.0,6764.0,0.25,11,8107.0,6195
bck2217,2217,2,8198.0,6764.0,0.5,3,8187.0,8729
bck2217,2217,2,8198.0,6764.0,0.75,1,8191.0,11745
bck2217,2217,2,8198.0,6764.0,1.0,0,8198.0,15488
bck2217,2217,2,8198.0,6764.0,1.25,0,8198.0,19178
bck2217,2217,2,8198.0,6764.0,1.5,0,8198.0,23562
bcl380,380,2,1925.0,1621.0,0.25,0,1925.0,917
bcl380,380,2,1925.0,1621.0,0.5,0,1925.0,1249
bcl380,380,2,1925.0,1621.0,0.75,0,1925.0,1639
bcl380,380,2,1925.0,1621.0,1.0,0,1925.0,2133
bcl380,380,2,1925.0,1621.0,1.25,0,1925.0,2614
bcl380,380,2,1925.0,1621.0,1.5,0,1925.0,3128
berlin52,52,2,8980.0,7542.0,0.25,0,8980.0,138
berlin52,52,2,8980.0,7542.0,0.5,0,8980.0,168
berlin52,52,2,8980.0,7542.0,0.75,0,8980.0,213
berlin52,52,2,8980.0,7542.0,1.0,0,8980.0,262
berlin52,52,2,8980.0,7542.0,1.25,0,8980.0,300
berlin52,52,2,8980.0,7542.0,1.5,0,8980.0,349
bgb4355,4355,2,16193.0,12723.0,0.25,11,16153.0,12337
bgb4355,4355,2,16193.0,12723.0,0.5,0,16193.0,17569
bgb4355,4355,2,16193.0,12723.0,0.75,0,16193.0,23424
bgb4355,4355,2,16193.0,12723.0,1.0,0,16193.0,31286
bgb4355,4355,2,16193.0,12723.0,1.25,0,16193.0,39447
bgb4355,4355,2,16193.0,12723.0,1.5,0,16193.0,48144
bier127,127,2,135737.0,118282.0,0.25,0,135737.0,356
bier127,127,2,135737.0,118282.0,0.5,0,135737.0,466
bier127,127,2,135737.0,118282.0,0.75,0,135737.0,593
bier127,127,2,135737.0,118282.0,1.0,0,135737.0,742
bier127,127,2,135737.0,118282.0,1.25,0,135737.0,890
bier127,127,2,135737.0,118282.0,1.5,0,135737.0,1039
bva2144,2144,2,7698.0,6304.0,0.25,6,7664.0,6022
bva2144,2144,2,7698.0,6304.0,0.5,1,7694.0,8520
bva2144,2144,2,7698.0,6304.0,0.75,1,7694.0,11220
bva2144,2144,2,7698.0,6304.0,1.0,0,7698.0,14894
bva2144,2144,2,7698.0,6304.0,1.25,0,7698.0,18552
bva2144,2144,2,7698.0,6304.0,1.5,0,7698.0,22545
ca4663,4663,2,1646884.0,1290319.0,0.25,14,1644021.0,13965
ca4663,4663,2,1646884.0,1290319.0,0.5,2,1646342.0,19624
ca4663,4663,2,1646884.0,1290319.0,0.75,1,1646423.0,26289
ca4663,4663,2,1646884.0,1290319.0,1.0,0,1646884.0,34127
ca4663,4663,2,1646884.0,1290319.0,1.25,0,1646884.0,42694
ca4663,4663,2,1646884.0,1290319.0,1.5,0,1646884.0,51576
ch130,130,2,7579.0,6110.0,0.25,1,7567.0,334
ch130,130,2,7579.0,6110.0,0.5,0,7579.0,450
ch130,130,2,7579.0,6110.0,0.75,0,7579.0,573
ch130,130,2,7579.0,6110.0,1.0,0,7579.0,719
ch130,130,2,7579.0,6110.0,1.25,0,7579.0,850
ch130,130,2,7579.0,6110.0,1.5,0,7579.0,989
ch150,150,2,8191.0,6528.0,0.25,0,8191.0,403
ch150,150,2,8191.0,6528.0,0.5,0,8191.0,550
ch150,150,2,8191.0,6528.0,0.75,0,8191.0,729
ch150,150,2,8191.0,6528.0,1.0,0,8191.0,921
ch150,150,2,8191.0,6528.0,1.25,0,8191.0,1110
ch150,150,2,8191.0,6528.0,1.5,0,8191.0,1331
d1291,1291,2,60214.0,50801.0,0.25,5,60021.0,2713
d1291,1291,2,60214.0,50801.0,0.5,0,60214.0,3720
d1291,1291,2,60214.0,50801.0,0.75,0,60214.0,5035
d1291,1291,2,60214.0,50801.0,1.0,0,60214.0,6603
d1291,1291,2,60214.0,50801.0,1.25,0,60214.0,8260
d1291,1291,2,60214.0,50801.0,1.5,0,60214.0,9800
d15112,15112,2,1960503.0,1573084.0,0.25,63,1955744.0,58589
d15112,15112,2,1960503.0,1573084.0,0.5,8,1959734.0,87261
d15112,15112,2,1960503.0,1573084.0,0.75,1,1960454.0,121514
d15112,15112,2,1960503.0,1573084.0,1.0,0,1960503.0,163308
d15112,15112,2,1960503.0,1573084.0,1.25,0,1960503.0,210957
d15112,15112,2,1960503.0,1573084.0,1.5,0,1960503.0,261875
d1655,1655,2,74032.0,62126.0,0.25,7,73929.0,4132
d1655,1655,2,74032.0,62126.0,0.5,1,74002.0,5885
d1655,1655,2,74032.0,62126.0,0.75,0,74032.0,7971
d1655,1655,2,74032.0,62126.0,1.0,0,74032.0,10580
d1655,1655,2,74032.0,62126.0,1.25,0,74032.0,13250
d1655,1655,2,74032.0,62126.0,1.5,0,74032.0,15919
d198,198,2,18240.0,15780.0,0.25,1,18230.0,72402
d198,198,2,18240.0,15780.0,0.5,1,18230.0,108080
d198,198,2,18240.0,15780.0,0.75,0,18240.0,151029
d198,198,2,18240.0,15780.0,1.0,0,18240.0,203621
d198,198,2,18240.0,15780.0,1.25,0,18240.0,264444
d198,198,2,18240.0,15780.0,1.5,0,18240.0,328071
d2103,2103,2,86652.0,80450.0,0.25,3,86488.0,479
d2103,2103,2,86652.0,80450.0,0.5,0,86652.0,641
d2103,2103,2,86652.0,80450.0,0.75,0,86652.0,863
d2103,2103,2,86652.0,80450.0,1.0,0,86652.0,1056
d2103,2103,2,86652.0,80450.0,1.25,0,86652.0,1249
d2103,2103,2,86652.0,80450.0,1.5,0,86652.0,1473
d493,493,2,41660.0,34998.0,0.25,0,41660.0,4899
d493,493,2,41660.0,34998.0,0.5,0,41660.0,7161
d493,493,2,41660.0,34998.0,0.75,0,41660.0,8929
d493,493,2,41660.0,34998.0,1.0,0,41660.0,11984
d493,493,2,41660.0,34998.0,1.25,0,41660.0,15202
d493,493,2,41660.0,34998.0,1.5,0,41660.0,18478
d657,657,2,61626.0,48910.0,0.25,2,61261.0,1562
d657,657,2,61626.0,48910.0,0.5,0,61626.0,2256
d657,657,2,61626.0,48910.0,0.75,0,61626.0,2955
d657,657,2,61626.0,48910.0,1.0,0,61626.0,3861
d657,657,2,61626.0,48910.0,1.25,0,61626.0,4770
d657,657,2,61626.0,48910.0,1.5,0,61626.0,5795
dbj2924,2924,2,12683.0,10128.0,0.25,11,12652.0,2003
dbj2924,2924,2,12683.0,10128.0,0.5,0,12683.0,2863
dbj2924,2924,2,12683.0,10128.0,0.75,0,12683.0,3849
dbj2924,2924,2,12683.0,10128.0,1.0,0,12683.0,4969
dbj2924,2924,2,12683.0,10128.0,1.25,0,12683.0,6200
dbj2924,2924,2,12683.0,10128.0,1.5,0,12683.0,7528
dca1389,1389,2,6346.0,5085.0,0.25,1,6343.0,8364
dca1389,1389,2,6346.0,5085.0,0.5,0,6346.0,11867
dca1389,1389,2,6346.0,5085.0,0.75,0,6346.0,16127
dca1389,1389,2,6346.0,5085.0,1.0,0,6346.0,21384
dca1389,1389,2,6346.0,5085.0,1.25,0,6346.0,26691
dca1389,1389,2,6346.0,5085.0,1.5,0,6346.0,32791
dcb2086,2086,2,8112.0,6600.0,0.25,4,8095.0,3913
dcb2086,2086,2,8112.0,6600.0,0.5,2,8100.0,5405
dcb2086,2086,2,8112.0,6600.0,0.75,2,8100.0,7189
dcb2086,2086,2,8112.0,6600.0,1.0,0,8112.0,9430
dcb2086,2086,2,8112.0,6600.0,1.25,0,8112.0,11577
dcb2086,2086,2,8112.0,6600.0,1.5,0,8112.0,14110
dcc1911,1911,2,7978.0,6396.0,0.25,9,7926.0,5657
dcc1911,1911,2,7978.0,6396.0,0.5,1,7976.0,7903
dcc1911,1911,2,7978.0,6396.0,0.75,0,7978.0,10514
dcc1911,1911,2,7978.0,6396.0,1.0,0,7978.0,13842
dcc1911,1911,2,7978.0,6396.0,1.25,0,7978.0,17179
dcc1911,1911,2,7978.0,6396.0,1.5,0,7978.0,20968
dj38,38,2,9745.0,6656.0,0.25,0,9745.0,5484
dj38,38,2,9745.0,6656.0,0.5,0,9745.0,7770
dj38,38,2,9745.0,6656.0,0.75,0,9745.0,10367
dj38,38,2,9745.0,6656.0,1.0,0,9745.0,13705
dj38,38,2,9745.0,6656.0,1.25,0,9745.0,17169
dj38,38,2,9745.0,6656.0,1.5,0,9745.0,20776
dja1436,1436,2,6737.0,5257.0,0.25,6,6705.0,67
dja1436,1436,2,6737.0,5257.0,0.5,2,6723.0,91
dja1436,1436,2,6737.0,5257.0,0.75,0,6737.0,111
dja1436,1436,2,6737.0,5257.0,1.0,0,6737.0,132
dja1436,1436,2,6737.0,5257.0,1.25,0,6737.0,148
dja1436,1436,2,6737.0,5257.0,1.5,0,6737.0,167
djb2036,2036,2,7779.0,6197.0,0.25,4,7750.0,3860
djb2036,2036,2,7779.0,6197.0,0.5,0,7779.0,5422
djb2036,2036,2,7779.0,6197.0,0.75,0,7779.0,7194
djb2036,2036,2,7779.0,6197.0,1.0,0,7779.0,9560
djb2036,2036,2,7779.0,6197.0,1.25,0,7779.0,11726
djb2036,2036,2,7779.0,6197.0,1.5,0,7779.0,14323
djc1785,1785,2,7772.0,6115.0,0.25,8,7677.0,5734
djc1785,1785,2,7772.0,6115.0,0.5,1,7766.0,8014
djc1785,1785,2,7772.0,6115.0,0.75,0,7772.0,10586
djc1785,1785,2,7772.0,6115.0,1.0,0,7772.0,14009
djc1785,1785,2,7772.0,6115.0,1.25,0,7772.0,17458
djc1785,1785,2,7772.0,6115.0,1.5,0,7772.0,21257
dka1376,1376,2,5791.0,4666.0,0.25,4,5775.0,5040
dka1376,1376,2,5791.0,4666.0,0.5,1,5786.0,7043
dka1376,1376,2,5791.0,4666.0,0.75,0,5791.0,9410
dka1376,1376,2,5791.0,4666.0,1.0,0,5791.0,12480
dka1376,1376,2,5791.0,4666.0,1.25,0,5791.0,15488
dka1376,1376,2,5791.0,4666.0,1.5,0,5791.0,18884
dkd1973,1973,2,8625.0,6421.0,0.25,6,8593.0,3817
dkd1973,1973,2,8625.0,6421.0,0.5,3,8608.0,5384
dkd1973,1973,2,8625.0,6421.0,0.75,1,8612.0,7136
dkd1973,1973,2,8625.0,6421.0,1.0,0,8625.0,9494
dkd1973,1973,2,8625.0,6421.0,1.25,0,8625.0,11810
dkd1973,1973,2,8625.0,6421.0,1.5,0,8625.0,14280
dkg813,813,2,3942.0,3199.0,0.25,2,3931.0,5482
dkg813,813,2,3942.0,3199.0,0.5,0,3942.0,7601
dkg813,813,2,3942.0,3199.0,0.75,0,3942.0,10009
dkg813,813,2,3942.0,3199.0,1.0,0,3942.0,13245
dkg813,813,2,3942.0,3199.0,1.25,0,3942.0,16398
dkg813,813,2,3942.0,3199.0,1.5,0,3942.0,19885
eil101,101,2,803.0,629.0,0.25,1,802.0,2234
eil101,101,2,803.0,629.0,0.5,0,803.0,3099
eil101,101,2,803.0,629.0,0.75,0,803.0,4074
eil101,101,2,803.0,629.0,1.0,0,803.0,5323
eil101,101,2,803.0,629.0,1.25,0,803.0,6537
eil101,101,2,803.0,629.0,1.5,0,803.0,7838
eil51,51,2,511.0,426.0,0.25,1,508.0,320
eil51,51,2,511.0,426.0,0.5,0,511.0,456
eil51,51,2,511.0,426.0,0.75,0,511.0,602
eil51,51,2,511.0,426.0,1.0,0,511.0,771
eil51,51,2,511.0,426.0,1.25,0,511.0,935
eil51,51,2,511.0,426.0,1.5,0,511.0,1102
eil76,76,2,642.0,538.0,0.25,1,630.0,128
eil76,76,2,642.0,538.0,0.5,1,630.0,184
eil76,76,2,642.0,538.0,0.75,0,642.0,242
eil76,76,2,642.0,538.0,1.0,0,642.0,290
eil76,76,2,642.0,538.0,1.25,0,642.0,351
eil76,76,2,642.0,538.0,1.5,0,642.0,407
fi10639,10639,2,649600.0,520527.0,0.25,52,646363.0,231
fi10639,10639,2,649600.0,520527.0,0.5,8,649118.0,333
fi10639,10639,2,649600.0,520527.0,0.75,1,649547.0,427
fi10639,10639,2,649600.0,520527.0,1.0,0,649600.0,558
fi10639,10639,2,649600.0,520527.0,1.25,0,649600.0,649
fi10639,10639,2,649600.0,520527.0,1.5,0,649600.0,776
fl1400,1400,2,27447.0,20127.0,0.25,5,27298.0,36442
fl1400,1400,2,27447.0,20127.0,0.5,0,27447.0,52838
fl1400,1400,2,27447.0,20127.0,0.75,0,27447.0,73196
fl1400,1400,2,27447.0,20127.0,1.0,0,27447.0,96932
fl1400,1400,2,27447.0,20127.0,1.25,0,27447.0,123608
fl1400,1400,2,27447.0,20127.0,1.5,0,27447.0,152697
fl1577,1577,2,27996.0,22249.0,0.25,2,27978.0,3531
fl1577,1577,2,27996.0,22249.0,0.5,0,27996.0,5394
fl1577,1577,2,27996.0,22249.0,0.75,0,27996.0,7510
fl1577,1577,2,27996.0,22249.0,1.0,0,27996.0,9457
fl1577,1577,2,27996.0,22249.0,1.25,0,27996.0,11149
fl1577,1577,2,27996.0,22249.0,1.5,0,27996.0,13283
fl3795,3795,2,35285.0,28772.0,0.25,32,34959.0,3525
fl3795,3795,2,35285.0,28772.0,0.5,3,35266.0,4832
fl3795,3795,2,35285.0,28772.0,0.75,0,35285.0,6549
fl3795,3795,2,35285.0,28772.0,1.0,0,35285.0,8044
fl3795,3795,2,35285.0,28772.0,1.25,0,35285.0,9871
fl3795,3795,2,35285.0,28772.0,1.5,0,35285.0,11358
fl417,417,2,15013.0,11861.0,0.25,13,14106.0,8708
fl417,417,2,15013.0,11861.0,0.5,0,15013.0,12309
fl417,417,2,15013.0,11861.0,0.75,0,15013.0,17171
fl417,417,2,15013.0,11861.0,1.0,0,15013.0,21150
fl417,417,2,15013.0,11861.0,1.25,0,15013.0,26111
fl417,417,2,15013.0,11861.0,1.5,0,15013.0,30380
fnb1615,1615,2,6573.0,4956.0,0.25,6,6566.0,824
fnb1615,1615,2,6573.0,4956.0,0.5,0,6573.0,1129
fnb1615,1615,2,6573.0,4956.0,0.75,0,6573.0,1577
fnb1615,1615,2,6573.0,4956.0,1.0,0,6573.0,1770
fnb1615,1615,2,6573.0,4956.0,1.25,0,6573.0,2061
fnb1615,1615,2,6573.0,4956.0,1.5,0,6573.0,2389
fnl4461,4461,2,229963.0,182566.0,0.25,24,228838.0,4085
fnl4461,4461,2,229963.0,182566.0,0.5,3,229791.0,5589
fnl4461,4461,2,229963.0,182566.0,0.75,0,229963.0,7453
fnl4461,4461,2,229963.0,182566.0,1.0,0,229963.0,10025
fnl4461,4461,2,229963.0,182566.0,1.25,0,229963.0,12346
fnl4461,4461,2,229963.0,182566.0,1.5,0,229963.0,14936
fra1488,1488,2,5589.0,4264.0,0.25,8,5527.0,17028
fra1488,1488,2,5589.0,4264.0,0.5,0,5589.0,25346
fra1488,1488,2,5589.0,4264.0,0.75,0,5589.0,35233
fra1488,1488,2,5589.0,4264.0,1.0,0,5589.0,47376
fra1488,1488,2,5589.0,4264.0,1.25,0,5589.0,60706
fra1488,1488,2,5589.0,4264.0,1.5,0,5589.0,75333
gil262,262,2,3208.0,2378.0,0.25,2,2777.0,3843
gil262,262,2,3208.0,2378.0,0.5,1,2861.0,5325
gil262,262,2,3208.0,2378.0,0.75,1,2861.0,7058
gil262,262,2,3208.0,2378.0,1.0,1,2861.0,9392
gil262,262,2,3208.0,2378.0,1.25,0,3208.0,11488
gil262,262,2,3208.0,2378.0,1.5,0,3208.0,13964
gr9882,9882,2,388944.0,300899.0,0.25,104,356013.0,732
gr9882,9882,2,388944.0,300899.0,0.5,22,388358.0,1016
gr9882,9882,2,388944.0,300899.0,0.75,3,388901.0,1337
gr9882,9882,2,388944.0,300899.0,1.0,1,388921.0,1667
gr9882,9882,2,388944.0,300899.0,1.25,0,388944.0,2054
gr9882,9882,2,388944.0,300899.0,1.5,0,388944.0,2443
hyg109399,109399,3,15395788.0,13750874.0,0.25,148,15385158.0,31424
hyg109399,109399,3,15395788.0,13750874.0,0.5,19,15393552.0,45177
hyg109399,109399,3,15395788.0,13750874.0,0.75,0,15395788.0,64406
hyg109399,109399,3,15395788.0,13750874.0,1.0,0,15395788.0,83743
hyg109399,109399,3,15395788.0,13750874.0,1.25,0,15395788.0,105204
hyg109399,109399,3,15395788.0,13750874.0,1.5,0,15395788.0,129455
hyg119614,119614,3,304514628.0,253077734.0,0.25,176,303463204.0,1313626
hyg119614,119614,3,304514628.0,253077734.0,0.5,21,304432283.0,2356603
hyg119614,119614,3,304514628.0,253077734.0,0.75,2,304499188.0,3853147
hyg119614,119614,3,304514628.0,253077734.0,1.0,0,304514628.0,5848967
hyg119614,119614,3,304514628.0,253077734.0,1.25,0,304514628.0,8418734
hyg119614,119614,3,304514628.0,253077734.0,1.5,0,304514628.0,11594519
icw1483,1483,2,5453.0,4416.0,0.25,5,5426.0,1325425
icw1483,1483,2,5453.0,4416.0,0.5,1,5446.0,2361059
icw1483,1483,2,5453.0,4416.0,0.75,0,5453.0,3849735
icw1483,1483,2,5453.0,4416.0,1.0,0,5453.0,5833006
icw1483,1483,2,5453.0,4416.0,1.25,0,5453.0,8376079
icw1483,1483,2,5453.0,4416.0,1.5,0,5453.0,11529196
ida8197,8197,2,27992.0,22338.0,0.25,32,27865.0,4162
ida8197,8197,2,27992.0,22338.0,0.5,1,27988.0,5795
ida8197,8197,2,27992.0,22338.0,0.75,0,27992.0,7711
ida8197,8197,2,27992.0,22338.0,1.0,0,27992.0,10304
ida8197,8197,2,27992.0,22338.0,1.25,0,27992.0,12694
ida8197,8197,2,27992.0,22338.0,1.5,0,27992.0,15415
irw2802,2802,2,10685.0,8423.0,0.25,10,10626.0,22936
irw2802,2802,2,10685.0,8423.0,0.5,2,10659.0,32438
irw2802,2802,2,10685.0,8423.0,0.75,0,10685.0,43554
irw2802,2802,2,10685.0,8423.0,1.0,0,10685.0,58906
irw2802,2802,2,10685.0,8423.0,1.25,0,10685.0,73669
irw2802,2802,2,10685.0,8423.0,1.5,0,10685.0,90834
it16862,16862,2,706074.0,557313.0,0.25,101,702711.0,7599
it16862,16862,2,706074.0,557313.0,0.5,13,705640.0,10720
it16862,16862,2,706074.0,557313.0,0.75,1,705951.0,14282
it16862,16862,2,706074.0,557313.0,1.0,0,706074.0,19028
it16862,16862,2,706074.0,557313.0,1.25,0,706074.0,23719
it16862,16862,2,706074.0,557313.0,1.5,0,706074.0,28970
ja9847,9847,2,665820.0,491922.0,0.25,37,541216.0,58377
ja9847,9847,2,665820.0,491922.0,0.5,6,568921.0,84700
ja9847,9847,2,665820.0,491922.0,0.75,2,568995.0,118620
ja9847,9847,2,665820.0,491922.0,1.0,1,585010.0,156743
ja9847,9847,2,665820.0,491922.0,1.25,1,585010.0,199398
ja9847,9847,2,665820.0,491922.0,1.5,1,588545.0,247014
kj37859,37859,3,31702094.0,28235453.0,0.25,53,31679825.0,30435
kj37859,37859,3,31702094.0,28235453.0,0.5,7,31698139.0,43273
kj37859,37859,3,31702094.0,28235453.0,0.75,0,31702094.0,59142
kj37859,37859,3,31702094.0,28235453.0,1.0,0,31702094.0,76824
kj37859,37859,3,31702094.0,28235453.0,1.25,0,31702094.0,96217
kj37859,37859,3,31702094.0,28235453.0,1.5,0,31702094.0,117256
kroA100,100,2,27807.0,21282.0,0.25,0,27807.0,396222
kroA100,100,2,27807.0,21282.0,0.5,0,27807.0,687428
kroA100,100,2,27807.0,21282.0,0.75,0,27807.0,1091054
kroA100,100,2,27807.0,21282.0,1.0,0,27807.0,1608532
kroA100,100,2,27807.0,21282.0,1.25,0,27807.0,2251753
kroA100,100,2,27807.0,21282.0,1.5,0,27807.0,3021547
kroA150,150,2,33633.0,26524.0,0.25,0,33633.0,258
kroA150,150,2,33633.0,26524.0,0.5,0,33633.0,336
kroA150,150,2,33633.0,26524.0,0.75,0,33633.0,435
kroA150,150,2,33633.0,26524.0,1.0,0,33633.0,534
kroA150,150,2,33633.0,26524.0,1.25,0,33633.0,625
kroA150,150,2,33633.0,26524.0,1.5,0,33633.0,727
kroA200,200,2,35859.0,29368.0,0.25,1,33617.0,389
kroA200,200,2,35859.0,29368.0,0.5,1,33617.0,531
kroA200,200,2,35859.0,29368.0,0.75,1,33617.0,683
kroA200,200,2,35859.0,29368.0,1.0,1,33756.0,859
kroA200,200,2,35859.0,29368.0,1.25,1,33756.0,1021
kroA200,200,2,35859.0,29368.0,1.5,1,33756.0,1206
kroB100,100,2,29158.0,22141.0,0.25,0,29158.0,521
kroB100,100,2,29158.0,22141.0,0.5,0,29158.0,718
kroB100,100,2,29158.0,22141.0,0.75,0,29158.0,924
kroB100,100,2,29158.0,22141.0,1.0,0,29158.0,1184
kroB100,100,2,29158.0,22141.0,1.25,0,29158.0,1398
kroB100,100,2,29158.0,22141.0,1.5,0,29158.0,1675
kroB150,150,2,34499.0,26130.0,0.25,0,34499.0,222
kroB150,150,2,34499.0,26130.0,0.5,0,34499.0,289
kroB150,150,2,34499.0,26130.0,0.75,0,34499.0,370
kroB150,150,2,34499.0,26130.0,1.0,0,34499.0,464
kroB150,150,2,34499.0,26130.0,1.25,0,34499.0,552
kroB150,150,2,34499.0,26130.0,1.5,0,34499.0,647
kroB200,200,2,36980.0,29437.0,0.25,1,36901.0,389
kroB200,200,2,36980.0,29437.0,0.5,1,36901.0,531
kroB200,200,2,36980.0,29437.0,0.75,0,36980.0,674
kroB200,200,2,36980.0,29437.0,1.0,0,36980.0,851
kroB200,200,2,36980.0,29437.0,1.25,0,36980.0,1010
kroB200,200,2,36980.0,29437.0,1.5,0,36980.0,1195
kroC100,100,2,26227.0,20749.0,0.25,0,26227.0,502
kroC100,100,2,26227.0,20749.0,0.5,0,26227.0,689
kroC100,100,2,26227.0,20749.0,0.75,0,26227.0,883
kroC100,100,2,26227.0,20749.0,1.0,0,26227.0,1113
kroC100,100,2,26227.0,20749.0,1.25,0,26227.0,1353
kroC100,100,2,26227.0,20749.0,1.5,0,26227.0,1596
kroD100,100,2,26947.0,21294.0,0.25,0,26947.0,238
kroD100,100,2,26947.0,21294.0,0.5,0,26947.0,330
kroD100,100,2,26947.0,21294.0,0.75,0,26947.0,412
kroD100,100,2,26947.0,21294.0,1.0,0,26947.0,517
kroD100,100,2,26947.0,21294.0,1.25,0,26947.0,592
kroD100,100,2,26947.0,21294.0,1.5,0,26947.0,703
kroE100,100,2,27460.0,22068.0,0.25,0,27460.0,232
kroE100,100,2,27460.0,22068.0,0.5,0,27460.0,313
kroE100,100,2,27460.0,22068.0,0.75,0,27460.0,407
kroE100,100,2,27460.0,22068.0,1.0,0,27460.0,484
kroE100,100,2,27460.0,22068.0,1.25,0,27460.0,579
kroE100,100,2,27460.0,22068.0,1.5,0,27460.0,674
lap7454,7454,2,24062.0,19535.0,0.25,17,24005.0,227
lap7454,7454,2,24062.0,19535.0,0.5,4,24049.0,299
lap7454,7454,2,24062.0,19535.0,0.75,0,24062.0,382
lap7454,7454,2,24062.0,19535.0,1.0,0,24062.0,477
lap7454,7454,2,24062.0,19535.0,1.25,0,24062.0,552
lap7454,7454,2,24062.0,19535.0,1.5,0,24062.0,638
ley2323,2323,2,10382.0,8352.0,0.25,6,10341.0,21523
ley2323,2323,2,10382.0,8352.0,0.5,1,10376.0,30615
ley2323,2323,2,10382.0,8352.0,0.75,0,10382.0,41184
ley2323,2323,2,10382.0,8352.0,1.0,0,10382.0,55317
ley2323,2323,2,10382.0,8352.0,1.25,0,10382.0,69135
ley2323,2323,2,10382.0,8352.0,1.5,0,10382.0,85179
lim963,963,2,3503.0,2789.0,0.25,3,3503.0,5919
lim963,963,2,3503.0,2789.0,0.5,0,3503.0,8108
lim963,963,2,3503.0,2789.0,0.75,0,3503.0,10579
lim963,963,2,3503.0,2789.0,1.0,0,3503.0,13979
lim963,963,2,3503.0,2789.0,1.25,0,3503.0,17199
lim963,963,2,3503.0,2789.0,1.5,0,3503.0,20857
lin105,105,2,20356.0,14379.0,0.25,0,20356.0,2455
lin105,105,2,20356.0,14379.0,0.5,0,20356.0,3428
lin105,105,2,20356.0,14379.0,0.75,0,20356.0,4510
lin105,105,2,20356.0,14379.0,1.0,0,20356.0,6005
lin105,105,2,20356.0,14379.0,1.25,0,20356.0,7369
lin105,105,2,20356.0,14379.0,1.5,0,20356.0,8949
lin318,318,2,54019.0,42029.0,0.25,0,54019.0,233
lin318,318,2,54019.0,42029.0,0.5,0,54019.0,300
lin318,318,2,54019.0,42029.0,0.75,0,54019.0,365
lin318,318,2,54019.0,42029.0,1.0,0,54019.0,439
lin318,318,2,54019.0,42029.0,1.25,0,54019.0,532
lin318,318,2,54019.0,42029.0,1.5,0,54019.0,622
linhp318,318,2,54019.0,45214.0,0.25,0,54019.0,815
linhp318,318,2,54019.0,45214.0,0.5,0,54019.0,1101
linhp318,318,2,54019.0,45214.0,0.75,0,54019.0,1404
linhp318,318,2,54019.0,45214.0,1.0,0,54019.0,1775
linhp318,318,2,54019.0,45214.0,1.25,0,54019.0,2152
linhp318,318,2,54019.0,45214.0,1.5,0,54019.0,2549
nrw1379,1379,2,68964.0,56638.0,0.25,11,68472.0,815
nrw1379,1379,2,68964.0,56638.0,0.5,2,68898.0,1101
nrw1379,1379,2,68964.0,56638.0,0.75,0,68964.0,1404
nrw1379,1379,2,68964.0,56638.0,1.0,0,68964.0,1775
nrw1379,1379,2,68964.0,56638.0,1.25,0,68964.0,2152
nrw1379,1379,2,68964.0,56638.0,1.5,0,68964.0,2549
p654,654,2,43457.0,34643.0,0.25,10,38288.0,5119
p654,654,2,43457.0,34643.0,0.5,2,38978.0,7612
p654,654,2,43457.0,34643.0,0.75,1,39110.0,10488
p654,654,2,43457.0,34643.0,1.0,1,39110.0,13877
p654,654,2,43457.0,34643.0,1.25,1,39110.0,17613
p654,654,2,43457.0,34643.0,1.5,0,43457.0,21680
pbd984,984,2,3471.0,2797.0,0.25,6,3458.0,1220
pbd984,984,2,3471.0,2797.0,0.5,0,3471.0,1704
pbd984,984,2,3471.0,2797.0,0.75,0,3471.0,2462
pbd984,984,2,3471.0,2797.0,1.0,0,3471.0,3231
pbd984,984,2,3471.0,2797.0,1.25,0,3471.0,3715
pbd984,984,2,3471.0,2797.0,1.5,0,3471.0,4333
pbk411,411,2,1784.0,1343.0,0.25,1,1784.0,2766
pbk411,411,2,1784.0,1343.0,0.5,0,1784.0,3932
pbk411,411,2,1784.0,1343.0,0.75,0,1784.0,5198
pbk411,411,2,1784.0,1343.0,1.0,0,1784.0,6938
pbk411,411,2,1784.0,1343.0,1.25,0,1784.0,8488
pbk411,411,2,1784.0,1343.0,1.5,0,1784.0,10307
pbl395,395,2,1618.0,1281.0,0.25,3,1601.0,1032
pbl395,395,2,1618.0,1281.0,0.5,1,1605.0,1430
pbl395,395,2,1618.0,1281.0,0.75,0,1618.0,1881
pbl395,395,2,1618.0,1281.0,1.0,0,1618.0,2412
pbl395,395,2,1618.0,1281.0,1.25,0,1618.0,2926
pbl395,395,2,1618.0,1281.0,1.5,0,1618.0,3493
pbm436,436,2,1739.0,1443.0,0.25,3,1729.0,1020
pbm436,436,2,1739.0,1443.0,0.5,0,1739.0,1405
pbm436,436,2,1739.0,1443.0,0.75,0,1739.0,1862
pbm436,436,2,1739.0,1443.0,1.0,0,1739.0,2383
pbm436,436,2,1739.0,1443.0,1.25,0,1739.0,2902
pbm436,436,2,1739.0,1443.0,1.5,0,1739.0,3469
pbn423,423,2,1768.0,1365.0,0.25,0,1768.0,1088
pbn423,423,2,1768.0,1365.0,0.5,0,1768.0,1513
pbn423,423,2,1768.0,1365.0,0.75,0,1768.0,2006
pbn423,423,2,1768.0,1365.0,1.0,0,1768.0,2554
pbn423,423,2,1768.0,1365.0,1.25,0,1768.0,3145
pbn423,423,2,1768.0,1365.0,1.5,0,1768.0,3779
pcb1173,1173,2,71978.0,56892.0,0.25,9,71646.0,1021
pcb1173,1173,2,71978.0,56892.0,0.5,4,71804.0,1403
pcb1173,1173,2,71978.0,56892.0,0.75,0,71978.0,1860
pcb1173,1173,2,71978.0,56892.0,1.0,0,71978.0,2360
pcb1173,1173,2,71978.0,56892.0,1.25,0,71978.0,2851
pcb1173,1173,2,71978.0,56892.0,1.5,0,71978.0,3393
pcb3038,3038,2,176310.0,137694.0,0.25,45,158496.0,3552
pcb3038,3038,2,176310.0,137694.0,0.5,5,164240.0,5144
pcb3038,3038,2,176310.0,137694.0,0.75,1,166888.0,7056
pcb3038,3038,2,176310.0,137694.0,1.0,1,166888.0,9382
pcb3038,3038,2,176310.0,137694.0,1.25,1,167656.0,12005
pcb3038,3038,2,176310.0,137694.0,1.5,1,168419.0,14558
pcb442,442,2,61979.0,50778.0,0.25,1,61755.0,9317
pcb442,442,2,61979.0,50778.0,0.5,0,61979.0,13814
pcb442,442,2,61979.0,50778.0,0.75,0,61979.0,19384
pcb442,442,2,61979.0,50778.0,1.0,0,61979.0,25716
pcb442,442,2,61979.0,50778.0,1.25,0,61979.0,33312
pcb442,442,2,61979.0,50778.0,1.5,0,61979.0,40863
pia3056,3056,2,10632.0,8258.0,0.25,10,10589.0,1189
pia3056,3056,2,10632.0,8258.0,0.5,0,10632.0,1693
pia3056,3056,2,10632.0,8258.0,0.75,0,10632.0,2368
pia3056,3056,2,10632.0,8258.0,1.0,0,10632.0,3167
pia3056,3056,2,10632.0,8258.0,1.25,0,10632.0,3813
pia3056,3056,2,10632.0,8258.0,1.5,0,10632.0,4600
pjh17845,17845,2,60096.0,48094.0,0.25,49,59799.0,8883
pjh17845,17845,2,60096.0,48094.0,0.5,5,60070.0,12443
pjh17845,17845,2,60096.0,48094.0,0.75,0,60096.0,16672
pjh17845,17845,2,60096.0,48094.0,1.0,0,60096.0,22263
pjh17845,17845,2,60096.0,48094.0,1.25,0,60096.0,28061
pjh17845,17845,2,60096.0,48094.0,1.5,0,60096.0,34338
pka379,379,2,1835.0,1332.0,0.25,2,1831.0,52143
pka379,379,2,1835.0,1332.0,0.5,0,1835.0,73315
pka379,379,2,1835.0,1332.0,0.75,0,1835.0,99547
pka379,379,2,1835.0,1332.0,1.0,0,1835.0,133731
pka379,379,2,1835.0,1332.0,1.25,0,1835.0,168803
pka379,379,2,1835.0,1332.0,1.5,0,1835.0,208733
pma343,343,2,1799.0,1368.0,0.25,2,1798.0,821
pma343,343,2,1799.0,1368.0,0.5,0,1799.0,1139
pma343,343,2,1799.0,1368.0,0.75,0,1799.0,1424
pma343,343,2,1799.0,1368.0,1.0,0,1799.0,1828
pma343,343,2,1799.0,1368.0,1.25,0,1799.0,2173
pma343,343,2,1799.0,1368.0,1.5,0,1799.0,2564
pr1002,1002,2,331103.0,259045.0,0.25,6,329852.0,784
pr1002,1002,2,331103.0,259045.0,0.5,1,330813.0,1083
pr1002,1002,2,331103.0,259045.0,0.75,1,330813.0,1372
pr1002,1002,2,331103.0,259045.0,1.0,0,331103.0,1774
pr1002,1002,2,331103.0,259045.0,1.25,0,331103.0,2090
pr1002,1002,2,331103.0,259045.0,1.5,0,331103.0,2466
pr107,107,2,46680.0,44303.0,0.25,0,46680.0,3050
pr107,107,2,46680.0,44303.0,0.5,0,46680.0,4284
pr107,107,2,46680.0,44303.0,0.75,0,46680.0,5747
pr107,107,2,46680.0,44303.0,1.0,0,46680.0,7434
pr107,107,2,46680.0,44303.0,1.25,0,46680.0,9338
pr107,107,2,46680.0,44303.0,1.5,0,46680.0,11308
pr124,124,2,69297.0,59030.0,0.25,0,69297.0,147
pr124,124,2,69297.0,59030.0,0.5,0,69297.0,207
pr124,124,2,69297.0,59030.0,0.75,0,69297.0,286
pr124,124,2,69297.0,59030.0,1.0,0,69297.0,319
pr124,124,2,69297.0,59030.0,1.25,0,69297.0,339
pr124,124,2,69297.0,59030.0,1.5,0,69297.0,376
pr136,136,2,120769.0,96772.0,0.25,0,120769.0,205
pr136,136,2,120769.0,96772.0,0.5,0,120769.0,267
pr136,136,2,120769.0,96772.0,0.75,0,120769.0,316
pr136,136,2,120769.0,96772.0,1.0,0,120769.0,415
pr136,136,2,120769.0,96772.0,1.25,0,120769.0,480
pr136,136,2,120769.0,96772.0,1.5,0,120769.0,553
pr144,144,2,61652.0,58537.0,0.25,0,61652.0,252
pr144,144,2,61652.0,58537.0,0.5,0,61652.0,418
pr144,144,2,61652.0,58537.0,0.75,0,61652.0,556
pr144,144,2,61652.0,58537.0,1.0,0,61652.0,712
pr144,144,2,61652.0,58537.0,1.25,0,61652.0,852
pr144,144,2,61652.0,58537.0,1.5,0,61652.0,978
pr152,152,2,85699.0,73682.0,0.25,0,85699.0,190
pr152,152,2,85699.0,73682.0,0.5,0,85699.0,253
pr152,152,2,85699.0,73682.0,0.75,0,85699.0,286
pr152,152,2,85699.0,73682.0,1.0,0,85699.0,358
pr152,152,2,85699.0,73682.0,1.25,0,85699.0,397
pr152,152,2,85699.0,73682.0,1.5,0,85699.0,434
pr226,226,2,94683.0,80369.0,0.25,0,94683.0,215
pr226,226,2,94683.0,80369.0,0.5,0,94683.0,276
pr226,226,2,94683.0,80369.0,0.75,0,94683.0,321
pr226,226,2,94683.0,80369.0,1.0,0,94683.0,409
pr226,226,2,94683.0,80369.0,1.25,0,94683.0,515
pr226,226,2,94683.0,80369.0,1.5,0,94683.0,552
pr2392,2392,2,461170.0,378032.0,0.25,5,460057.0,356
pr2392,2392,2,461170.0,378032.0,0.5,0,461170.0,459
pr2392,2392,2,461170.0,378032.0,0.75,0,461170.0,589
pr2392,2392,2,461170.0,378032.0,1.0,0,461170.0,759
pr2392,2392,2,461170.0,378032.0,1.25,0,461170.0,845
pr2392,2392,2,461170.0,378032.0,1.5,0,461170.0,970
pr264,264,2,58023.0,49135.0,0.25,0,58023.0,6506
pr264,264,2,58023.0,49135.0,0.5,0,58023.0,9412
pr264,264,2,58023.0,49135.0,0.75,0,58023.0,13004
pr264,264,2,58023.0,49135.0,1.0,0,58023.0,17073
pr264,264,2,58023.0,49135.0,1.25,0,58023.0,21491
pr264,264,2,58023.0,49135.0,1.5,0,58023.0,26107
pr299,299,2,59890.0,48191.0,0.25,0,59890.0,476
pr299,299,2,59890.0,48191.0,0.5,0,59890.0,642
pr299,299,2,59890.0,48191.0,0.75,0,59890.0,798
pr299,299,2,59890.0,48191.0,1.0,0,59890.0,1115
pr299,299,2,59890.0,48191.0,1.25,0,59890.0,1308
pr299,299,2,59890.0,48191.0,1.5,0,59890.0,1472
pr439,439,2,131281.0,107217.0,0.25,0,131281.0,730
pr439,439,2,131281.0,107217.0,0.5,0,131281.0,1021
pr439,439,2,131281.0,107217.0,0.75,0,131281.0,1352
pr439,439,2,131281.0,107217.0,1.0,0,131281.0,1725
pr439,439,2,131281.0,107217.0,1.25,0,131281.0,2112
pr439,439,2,131281.0,107217.0,1.5,0,131281.0,2473
pr76,76,2,153462.0,108159.0,0.25,0,153462.0,1149
pr76,76,2,153462.0,108159.0,0.5,0,153462.0,1582
pr76,76,2,153462.0,108159.0,0.75,0,153462.0,2040
pr76,76,2,153462.0,108159.0,1.0,0,153462.0,2659
pr76,76,2,153462.0,108159.0,1.25,0,153462.0,3279
pr76,76,2,153462.0,108159.0,1.5,0,153462.0,3855
rat195,195,2,2752.0,2323.0,0.25,0,2752.0,207
rat195,195,2,2752.0,2323.0,0.5,0,2752.0,270
rat195,195,2,2752.0,2323.0,0.75,0,2752.0,347
rat195,195,2,2752.0,2323.0,1.0,0,2752.0,426
rat195,195,2,2752.0,2323.0,1.25,0,2752.0,511
rat195,195,2,2752.0,2323.0,1.5,0,2752.0,578
rat575,575,2,8605.0,6773.0,0.25,3,8573.0,570
rat575,575,2,8605.0,6773.0,0.5,1,8595.0,808
rat575,575,2,8605.0,6773.0,0.75,0,8605.0,1109
rat575,575,2,8605.0,6773.0,1.0,0,8605.0,1427
rat575,575,2,8605.0,6773.0,1.25,0,8605.0,1743
rat575,575,2,8605.0,6773.0,1.5,0,8605.0,2124
rat783,783,2,11054.0,8806.0,0.25,5,10934.0,2048
rat783,783,2,11054.0,8806.0,0.5,1,11030.0,2913
rat783,783,2,11054.0,8806.0,0.75,0,11054.0,3995
rat783,783,2,11054.0,8806.0,1.0,0,11054.0,5171
rat783,783,2,11054.0,8806.0,1.25,0,11054.0,6545
rat783,783,2,11054.0,8806.0,1.5,0,11054.0,7984
rat99,99,2,1554.0,1211.0,0.25,0,1554.0,2682
rat99,99,2,1554.0,1211.0,0.5,0,1554.0,3828
rat99,99,2,1554.0,1211.0,0.75,0,1554.0,5226
rat99,99,2,1554.0,1211.0,1.0,0,1554.0,6897
rat99,99,2,1554.0,1211.0,1.25,0,1554.0,8622
rat99,99,2,1554.0,1211.0,1.5,0,1554.0,10510
rbu737,737,2,4211.0,3314.0,0.25,3,4203.0,264
rbu737,737,2,4211.0,3314.0,0.5,0,4211.0,358
rbu737,737,2,4211.0,3314.0,0.75,0,4211.0,485
rbu737,737,2,4211.0,3314.0,1.0,0,4211.0,603
rbu737,737,2,4211.0,3314.0,1.25,0,4211.0,726
rbu737,737,2,4211.0,3314.0,1.5,0,4211.0,852
rbv1583,1583,2,6662.0,5387.0,0.25,3,6650.0,2007
rbv1583,1583,2,6662.0,5387.0,0.5,2,6651.0,2805
rbv1583,1583,2,6662.0,5387.0,0.75,0,6662.0,3690
rbv1583,1583,2,6662.0,5387.0,1.0,0,6662.0,4830
rbv1583,1583,2,6662.0,5387.0,1.25,0,6662.0,5972
rbv1583,1583,2,6662.0,5387.0,1.5,0,6662.0,7201
rbx711,711,2,3890.0,3115.0,0.25,1,3866.0,3929
rbx711,711,2,3890.0,3115.0,0.5,0,3890.0,5533
rbx711,711,2,3890.0,3115.0,0.75,0,3890.0,7299
rbx711,711,2,3890.0,3115.0,1.0,0,3890.0,9630
rbx711,711,2,3890.0,3115.0,1.25,0,3890.0,11965
rbx711,711,2,3890.0,3115.0,1.5,0,3890.0,14455
rby1599,1599,2,6818.0,5533.0,0.25,2,6817.0,1920
rby1599,1599,2,6818.0,5533.0,0.5,0,6818.0,2711
rby1599,1599,2,6818.0,5533.0,0.75,0,6818.0,3655
rby1599,1599,2,6818.0,5533.0,1.0,0,6818.0,4692
rby1599,1599,2,6818.0,5533.0,1.25,0,6818.0,5826
rby1599,1599,2,6818.0,5533.0,1.5,0,6818.0,7051
rd100,100,2,9938.0,7910.0,0.25,0,9938.0,4108
rd100,100,2,9938.0,7910.0,0.5,0,9938.0,5885
rd100,100,2,9938.0,7910.0,0.75,0,9938.0,7748
rd100,100,2,9938.0,7910.0,1.0,0,9938.0,10223
rd100,100,2,9938.0,7910.0,1.25,0,9938.0,12695
rd100,100,2,9938.0,7910.0,1.5,0,9938.0,15464
rd400,400,2,19183.0,15281.0,0.25,1,19153.0,230
rd400,400,2,19183.0,15281.0,0.5,0,19183.0,316
rd400,400,2,19183.0,15281.0,0.75,0,19183.0,406
rd400,400,2,19183.0,15281.0,1.0,0,19183.0,514
rd400,400,2,19183.0,15281.0,1.25,0,19183.0,608
rd400,400,2,19183.0,15281.0,1.5,0,19183.0,709
rl11849,11849,2,1125242.0,923288.0,0.25,40,1119570.0,1209
rl11849,11849,2,1125242.0,923288.0,0.5,3,1124712.0,1678
rl11849,11849,2,1125242.0,923288.0,0.75,0,1125242.0,2247
rl11849,11849,2,1125242.0,923288.0,1.0,0,1125242.0,2879
rl11849,11849,2,1125242.0,923288.0,1.25,0,1125242.0,3591
rl11849,11849,2,1125242.0,923288.0,1.5,0,1125242.0,4334
rl1304,1304,2,335779.0,252948.0,0.25,5,333092.0,33771
rl1304,1304,2,335779.0,252948.0,0.5,0,335779.0,49778
rl1304,1304,2,335779.0,252948.0,0.75,0,335779.0,67788
rl1304,1304,2,335779.0,252948.0,1.0,0,335779.0,92581
rl1304,1304,2,335779.0,252948.0,1.25,0,335779.0,116357
rl1304,1304,2,335779.0,252948.0,1.5,0,335779.0,144399
rl1323,1323,2,332103.0,270199.0,0.25,5,330282.0,3076
rl1323,1323,2,332103.0,270199.0,0.5,1,331529.0,4262
rl1323,1323,2,332103.0,270199.0,0.75,0,332103.0,5624
rl1323,1323,2,332103.0,270199.0,1.0,0,332103.0,7293
rl1323,1323,2,332103.0,270199.0,1.25,0,332103.0,8945
rl1323,1323,2,332103.0,270199.0,1.5,0,332103.0,10844
rl1889,1889,2,389270.0,316536.0,0.25,4,387332.0,3191
rl1889,1889,2,389270.0,316536.0,0.5,0,389270.0,4412
rl1889,1889,2,389270.0,316536.0,0.75,0,389270.0,5810
rl1889,1889,2,389270.0,316536.0,1.0,0,389270.0,7550
rl1889,1889,2,389270.0,316536.0,1.25,0,389270.0,9395
rl1889,1889,2,389270.0,316536.0,1.5,0,389270.0,11358
rl5915,5915,2,695602.0,565530.0,0.25,8,693633.0,4634
rl5915,5915,2,695602.0,565530.0,0.5,1,695547.0,6340
rl5915,5915,2,695602.0,565530.0,0.75,0,695602.0,8420
rl5915,5915,2,695602.0,565530.0,1.0,0,695602.0,11003
rl5915,5915,2,695602.0,565530.0,1.25,0,695602.0,13398
rl5915,5915,2,695602.0,565530.0,1.5,0,695602.0,16348
rl5934,5934,2,672412.0,556045.0,0.25,14,668947.0,14859
rl5934,5934,2,672412.0,556045.0,0.5,3,671735.0,21568
rl5934,5934,2,672412.0,556045.0,0.75,1,672235.0,28861
rl5934,5934,2,672412.0,556045.0,1.0,0,672412.0,39132
rl5934,5934,2,672412.0,556045.0,1.25,0,672412.0,48790
rl5934,5934,2,672412.0,556045.0,1.5,0,672412.0,59805
st70,70,2,830.0,675.0,0.25,0,830.0,15316
st70,70,2,830.0,675.0,0.5,0,830.0,22078
st70,70,2,830.0,675.0,0.75,0,830.0,29716
st70,70,2,830.0,675.0,1.0,0,830.0,39896
st70,70,2,830.0,675.0,1.25,0,830.0,49614
st70,70,2,830.0,675.0,1.5,0,830.0,60968
star100,100,3,2027.0,1795.0,0.25,1,2012.0,163
star100,100,3,2027.0,1795.0,0.5,0,2027.0,214
star100,100,3,2027.0,1795.0,0.75,0,2027.0,273
star100,100,3,2027.0,1795.0,1.0,0,2027.0,340
star100,100,3,2027.0,1795.0,1.25,0,2027.0,406
star100,100,3,2027.0,1795.0,1.5,0,2027.0,466
star10k,10000,3,310357.0,276750.0,0.25,17,309974.0,459
star10k,10000,3,310357.0,276750.0,0.5,3,310257.0,641
star10k,10000,3,310357.0,276750.0,0.75,0,310357.0,817
star10k,10000,3,310357.0,276750.0,1.0,0,310357.0,1007
star10k,10000,3,310357.0,276750.0,1.25,0,310357.0,1206
star10k,10000,3,310357.0,276750.0,1.5,0,310357.0,1415
star1k,1000,3,25583.0,22227.0,0.25,1,25583.0,101381
star1k,1000,3,25583.0,22227.0,0.5,0,25583.0,174864
star1k,1000,3,25583.0,22227.0,0.75,0,25583.0,274650
star1k,1000,3,25583.0,22227.0,1.0,0,25583.0,402474
star1k,1000,3,25583.0,22227.0,1.25,0,25583.0,559205
star1k,1000,3,25583.0,22227.0,1.5,0,25583.0,745453
sw24978,24978,2,1062617.0,855582.0,0.25,169,1057114.0,7594
sw24978,24978,2,1062617.0,855582.0,0.5,28,1061641.0,12271
sw24978,24978,2,1062617.0,855582.0,0.75,2,1062491.0,18016
sw24978,24978,2,1062617.0,855582.0,1.0,0,1062617.0,24904
sw24978,24978,2,1062617.0,855582.0,1.25,0,1062617.0,32538
sw24978,24978,2,1062617.0,855582.0,1.5,0,1062617.0,41019
ts225,225,2,152493.0,126643.0,0.25,1,146685.0,83191
ts225,225,2,152493.0,126643.0,0.5,0,152493.0,120425
ts225,225,2,152493.0,126643.0,0.75,0,152493.0,170422
ts225,225,2,152493.0,126643.0,1.0,0,152493.0,224478
ts225,225,2,152493.0,126643.0,1.25,0,152493.0,285418
ts225,225,2,152493.0,126643.0,1.5,0,152493.0,353445
tsp225,225,2,4722.0,3861.0,0.25,0,4722.0,556
tsp225,225,2,4722.0,3861.0,0.5,0,4722.0,837
tsp225,225,2,4722.0,3861.0,0.75,0,4722.0,1032
tsp225,225,2,4722.0,3861.0,1.0,0,4722.0,1362
tsp225,225,2,4722.0,3861.0,1.25,0,4722.0,1731
tsp225,225,2,4722.0,3861.0,1.5,0,4722.0,1971
u1060,1060,2,308980.0,224094.0,0.25,4,307889.0,560
u1060,1060,2,308980.0,224094.0,0.5,0,308980.0,788
u1060,1060,2,308980.0,224094.0,0.75,0,308980.0,1047
u1060,1060,2,308980.0,224094.0,1.0,0,308980.0,1327
u1060,1060,2,308980.0,224094.0,1.25,0,308980.0,1658
u1060,1060,2,308980.0,224094.0,1.5,0,308980.0,1970
u1432,1432,2,188807.0,152970.0,0.25,36,184414.0,3167
u1432,1432,2,188807.0,152970.0,0.5,4,188373.0,4441
u1432,1432,2,188807.0,152970.0,0.75,1,188731.0,6019
u1432,1432,2,188807.0,152970.0,1.0,0,188807.0,7653
u1432,1432,2,188807.0,152970.0,1.25,0,188807.0,9511
u1432,1432,2,188807.0,152970.0,1.5,0,188807.0,11517
u159,159,2,54675.0,42080.0,0.25,0,54675.0,4060
u159,159,2,54675.0,42080.0,0.5,0,54675.0,6039
u159,159,2,54675.0,42080.0,0.75,0,54675.0,9179
u159,159,2,54675.0,42080.0,1.0,0,54675.0,12227
u159,159,2,54675.0,42080.0,1.25,0,54675.0,14859
u159,159,2,54675.0,42080.0,1.5,0,54675.0,18141
u1817,1817,2,72030.0,57201.0,0.25,17,64069.0,375
u1817,1817,2,72030.0,57201.0,0.5,2,65288.0,492
u1817,1817,2,72030.0,57201.0,0.75,1,65288.0,649
u1817,1817,2,72030.0,57201.0,1.0,1,65288.0,859
u1817,1817,2,72030.0,57201.0,1.25,0,72030.0,1002
u1817,1817,2,72030.0,57201.0,1.5,0,72030.0,1168
u2152,2152,2,79260.0,64253.0,0.25,18,70737.0,4368
u2152,2152,2,79260.0,64253.0,0.5,3,79167.0,6219
u2152,2152,2,79260.0,64253.0,0.75,1,79209.0,8540
u2152,2152,2,79260.0,64253.0,1.0,1,79209.0,10902
u2152,2152,2,79260.0,64253.0,1.25,0,79260.0,14710
u2152,2152,2,79260.0,64253.0,1.5,0,79260.0,17504
u2319,2319,2,278765.0,234256.0,0.25,100,269109.0,5476
u2319,2319,2,278765.0,234256.0,0.5,3,278588.0,7784
u2319,2319,2,278765.0,234256.0,0.75,0,278765.0,10877
u2319,2319,2,278765.0,234256.0,1.0,0,278765.0,13840
u2319,2319,2,278765.0,234256.0,1.25,0,278765.0,18480
u2319,2319,2,278765.0,234256.0,1.5,0,278765.0,22180
u574,574,2,50459.0,36905.0,0.25,2,50336.0,7226
u574,574,2,50459.0,36905.0,0.5,0,50459.0,10840
u574,574,2,50459.0,36905.0,0.75,0,50459.0,17427
u574,574,2,50459.0,36905.0,1.0,0,50459.0,23456
u574,574,2,50459.0,36905.0,1.25,0,50459.0,28914
u574,574,2,50459.0,36905.0,1.5,0,50459.0,35466
u724,724,2,52943.0,41910.0,0.25,3,52050.0,1617
u724,724,2,52943.0,41910.0,0.5,0,52943.0,2266
u724,724,2,52943.0,41910.0,0.75,0,52943.0,3031
u724,724,2,52943.0,41910.0,1.0,0,52943.0,3925
u724,724,2,52943.0,41910.0,1.25,0,52943.0,4864
u724,724,2,52943.0,41910.0,1.5,0,52943.0,5864
usa13509,13509,2,24973197.0,19982859.0,0.25,44,24914771.0,2287
usa13509,13509,2,24973197.0,19982859.0,0.5,3,24970215.0,3227
usa13509,13509,2,24973197.0,19982859.0,0.75,1,24972480.0,4349
usa13509,13509,2,24973197.0,19982859.0,1.0,0,24973197.0,5594
usa13509,13509,2,24973197.0,19982859.0,1.25,0,24973197.0,6969
usa13509,13509,2,24973197.0,19982859.0,1.5,0,24973197.0,8516
vm1084,1084,2,301476.0,239297.0,0.25,3,298231.0,46465
vm1084,1084,2,301476.0,239297.0,0.5,0,301476.0,67499
vm1084,1084,2,301476.0,239297.0,0.75,0,301476.0,92754
vm1084,1084,2,301476.0,239297.0,1.0,0,301476.0,122959
vm1084,1084,2,301476.0,239297.0,1.25,0,301476.0,156752
vm1084,1084,2,301476.0,239297.0,1.5,0,301476.0,193502
vm1748,1748,2,408101.0,336555.0,0.25,3,407204.0,2894
vm1748,1748,2,408101.0,336555.0,0.5,1,408075.0,3948
vm1748,1748,2,408101.0,336555.0,0.75,0,408101.0,5152
vm1748,1748,2,408101.0,336555.0,1.0,0,408101.0,6706
vm1748,1748,2,408101.0,336555.0,1.25,0,408101.0,8077
vm1748,1748,2,408101.0,336555.0,1.5,0,408101.0,9650
vm22775,22775,2,707629.0,569287.0,0.25,234,702001.0,4606
vm22775,22775,2,707629.0,569287.0,0.5,44,706797.0,6346
vm22775,22775,2,707629.0,569287.0,0.75,1,707620.0,8338
vm22775,22775,2,707629.0,569287.0,1.0,0,707629.0,10934
vm22775,22775,2,707629.0,569287.0,1.25,0,707629.0,13344
vm22775,22775,2,707629.0,569287.0,1.5,0,707629.0,15995
wi29,29,2,36388.0,27603.0,0.25,0,36388.0,75552
wi29,29,2,36388.0,27603.0,0.5,0,36388.0,110033
wi29,29,2,36388.0,27603.0,0.75,0,36388.0,160051
wi29,29,2,36388.0,27603.0,1.0,0,36388.0,209148
wi29,29,2,36388.0,27603.0,1.25,0,36388.0,265413
wi29,29,2,36388.0,27603.0,1.5,0,36388.0,328485
xit1083,1083,2,4563.0,3558.0,0.25,3,4556.0,55
xit1083,1083,2,4563.0,3558.0,0.5,1,4556.0,63
xit1083,1083,2,4563.0,3558.0,0.75,1,4556.0,75
xit1083,1083,2,4563.0,3558.0,1.0,0,4563.0,90
xit1083,1083,2,4563.0,3558.0,1.25,0,4563.0,106
xit1083,1083,2,4563.0,3558.0,1.5,0,4563.0,120
xmc10150,10150,2,34958.0,28387.0,0.25,26,34810.0,3070
xmc10150,10150,2,34958.0,28387.0,0.5,5,34929.0,4279
xmc10150,10150,2,34958.0,28387.0,0.75,1,34954.0,5633
xmc10150,10150,2,34958.0,28387.0,1.0,0,34958.0,7415
xmc10150,10150,2,34958.0,28387.0,1.25,0,34958.0,9160
xmc10150,10150,2,34958.0,28387.0,1.5,0,34958.0,11164
xpr2308,2308,2,9138.0,7219.0,0.25,5,9124.0,28249
xpr2308,2308,2,9138.0,7219.0,0.5,1,9131.0,39688
xpr2308,2308,2,9138.0,7219.0,0.75,0,9138.0,52643
xpr2308,2308,2,9138.0,7219.0,1.0,0,9138.0,71517
xpr2308,2308,2,9138.0,7219.0,1.25,0,9138.0,90730
xpr2308,2308,2,9138.0,7219.0,1.5,0,9138.0,111210
xqc2175,2175,2,8696.0,6830.0,0.25,12,8652.0,6430
xqc2175,2175,2,8696.0,6830.0,0.5,3,8689.0,9102
xqc2175,2175,2,8696.0,6830.0,0.75,0,8696.0,12167
xqc2175,2175,2,8696.0,6830.0,1.0,0,8696.0,16005
xqc2175,2175,2,8696.0,6830.0,1.25,0,8696.0,19923
xqc2175,2175,2,8696.0,6830.0,1.5,0,8696.0,24473
xqe3891,3891,2,14644.0,11995.0,0.25,17,14476.0,5999
xqe3891,3891,2,14644.0,11995.0,0.5,2,14600.0,8400
xqe3891,3891,2,14644.0,11995.0,0.75,0,14644.0,11142
xqe3891,3891,2,14644.0,11995.0,1.0,0,14644.0,14745
xqe3891,3891,2,14644.0,11995.0,1.25,0,14644.0,18526
xqe3891,3891,2,14644.0,11995.0,1.5,0,14644.0,22623
xqf131,131,2,704.0,564.0,0.25,2,704.0,10768
xqf131,131,2,704.0,564.0,0.5,0,704.0,15044
xqf131,131,2,704.0,564.0,0.75,0,704.0,19942
xqf131,131,2,704.0,564.0,1.0,0,704.0,26503
xqf131,131,2,704.0,564.0,1.25,0,704.0,33278
xqf131,131,2,704.0,564.0,1.5,0,704.0,40595
xqg237,237,2,1343.0,1019.0,0.25,0,1343.0,328
xqg237,237,2,1343.0,1019.0,0.5,0,1343.0,427
xqg237,237,2,1343.0,1019.0,0.75,0,1343.0,558
xqg237,237,2,1343.0,1019.0,1.0,0,1343.0,710
xqg237,237,2,1343.0,1019.0,1.25,0,1343.0,834
xqg237,237,2,1343.0,1019.0,1.5,0,1343.0,961
xql662,662,2,3124.0,2513.0,0.25,1,3121.0,583
xql662,662,2,3124.0,2513.0,0.5,1,3121.0,800
xql662,662,2,3124.0,2513.0,0.75,0,3124.0,1053
xql662,662,2,3124.0,2513.0,1.0,0,3124.0,1341
xql662,662,2,3124.0,2513.0,1.25,0,3124.0,1615
xql662,662,2,3124.0,2513.0,1.5,0,3124.0,1906
xsc6880,6880,2,27185.0,21537.0,0.25,13,27107.0,1782
xsc6880,6880,2,27185.0,21537.0,0.5,3,27155.0,2419
xsc6880,6880,2,27185.0,21537.0,0.75,1,27175.0,3232
xsc6880,6880,2,27185.0,21537.0,1.0,0,27185.0,4190
xsc6880,6880,2,27185.0,21537.0,1.25,0,27185.0,5115
xsc6880,6880,2,27185.0,21537.0,1.5,0,27185.0,6265
xvb13584,13584,2,47193.0,37084.0,0.25,58,46937.0,19658
xvb13584,13584,2,47193.0,37084.0,0.5,6,47166.0,27738
xvb13584,13584,2,47193.0,37084.0,0.75,0,47193.0,37223
xvb13584,13584,2,47193.0,37084.0,1.0,0,47193.0,49503
xvb13584,13584,2,47193.0,37084.0,1.25,0,47193.0,62775
xvb13584,13584,2,47193.0,37084.0,1.5,0,47193.0,76944
